{"cameraMode":{"drawMode":0,"name":"Shaded","section":"Shading Mode"},"sceneLighting":false,"audioPlay":false,"sceneViewState":{"showFog":false,"showMaterialUpdate":false,"showSkybox":false,"showFlares":false,"showImageEffects":false,"showParticleSystems":false,"showVisualEffectGraphs":true,"m_FxEnabled":true},"in2DMode":false,"pivot":{"x":0.42037028074264529,"y":-0.011805534362792969,"z":-2.9802322387695315e-8},"rotation":{"x":-0.22231531143188477,"y":0.24690338969230653,"z":-0.0583137571811676,"w":-0.9413956999778748},"size":3.1693849563598635,"orthographic":false}