{"cameraMode":{"drawMode":0,"name":"Shaded","section":"Shading Mode"},"sceneLighting":false,"audioPlay":false,"sceneViewState":{"showFog":false,"showMaterialUpdate":false,"showSkybox":false,"showFlares":false,"showImageEffects":false,"showParticleSystems":false,"showVisualEffectGraphs":true,"m_FxEnabled":true},"in2DMode":false,"pivot":{"x":-2.1578643321990969,"y":2.640000343322754,"z":19.47345542907715},"rotation":{"x":-0.00019868934759870172,"y":0.45826634764671328,"z":-0.0002839327498804778,"w":-0.8887115716934204},"size":1.415636658668518,"orthographic":false}