{"cameraMode":{"drawMode":0,"name":"Shaded","section":"Shading Mode"},"sceneLighting":false,"audioPlay":false,"sceneViewState":{"showFog":false,"showMaterialUpdate":false,"showSkybox":false,"showFlares":false,"showImageEffects":false,"showParticleSystems":false,"showVisualEffectGraphs":true,"m_FxEnabled":true},"in2DMode":false,"pivot":{"x":5.457711219787598,"y":0.023359298706054689,"z":-0.09609949588775635},"rotation":{"x":0.22310508787631989,"y":0.06956535577774048,"z":-0.015847938135266305,"w":0.9720372557640076},"size":4.315422058105469,"orthographic":false}