{"cameraMode":{"drawMode":0,"name":"Shaded","section":"Shading Mode"},"sceneLighting":false,"audioPlay":false,"sceneViewState":{"showFog":false,"showMaterialUpdate":false,"showSkybox":false,"showFlares":false,"showImageEffects":false,"showParticleSystems":false,"showVisualEffectGraphs":true,"m_FxEnabled":true},"in2DMode":false,"pivot":{"x":-0.00013568997383117676,"y":0.053092651069164279,"z":0.016534369438886644},"rotation":{"x":-0.10340137034654618,"y":0.3985811769962311,"z":-0.04523971304297447,"w":-0.9101045727729797},"size":0.08620008081197739,"orthographic":false}